IDDUENO,NOMBRE,CORREO,DNI,TELEFONO
1,Clarence Ventris,cventris0@oaic.gov.au,24797981,(390) 4487193
2,Hughie Wardle,hwardle1@weather.com,20887949,(618) 4168143
3,Delmer Pilpovic,dpilpovic2@sourceforge.net,31908006,(836) 5876077
4,Anatollo Snowdon,asnowdon3@uiuc.edu,20456705,(464) 1081115
5,Sophie Edsall,sedsall4@icq.com,39921269,(144) 2280155
6,Dacey Izhaky,dizhaky5@epa.gov,18643219,(224) 4702707
7,Jeremias Barczewski,jbarczewski6@t-online.de,5547035,(410) 3963422
8,Torre Marskell,tmarskell7@oaic.gov.au,31391127,(381) 7168209
9,Felice Matys,fmatys8@twitter.com,33056752,(226) 8185567
10,Shepherd Ace,sace9@tiny.cc,20079220,(131) 2658870
11,Michail Henningham,mhenninghama@jigsy.com,30527371,(705) 3376592
12,Jacquetta Foulser,jfoulserb@gravatar.com,7044668,(453) 5620802
13,Gloria Tordoff,gtordoffc@drupal.org,30206263,(439) 1582079
14,Siegfried Saltern,ssalternd@bbc.co.uk,10522239,(654) 5409501
15,Daisy Jaggers,djaggerse@accuweather.com,31070471,(577) 3506982
